url,permission,extension
http://substack.net/images/../,(drwxr-xr-x),.
http://substack.net/images/youtube.png,(-rw-r--r--),.png
http://substack.net/images/yarnify.svg,(-rw-r--r--),.svg
http://substack.net/images/yarnify.png,(-rw-r--r--),.png
http://substack.net/images/writable.svg,(-rw-r--r--),.svg
http://substack.net/images/writable.png,(-rw-r--r--),.png
http://substack.net/images/worm.svg,(-rw-r--r--),.svg
http://substack.net/images/worm.png,(-rw-r--r--),.png
http://substack.net/images/world_map.svg,(-rw-r--r--),.svg
http://substack.net/images/world_map.png,(-rw-r--r--),.png
http://substack.net/images/wizard_sprite.svg,(-rw-r--r--),.svg
http://substack.net/images/wizard_hat_dull.png,(-rw-r--r--),.png
http://substack.net/images/wizard_hat.svg,(-rw-r--r--),.svg
http://substack.net/images/wizard_hat.png,(-rw-r--r--),.png
http://substack.net/images/wizard.svg,(-rw-r--r--),.svg
http://substack.net/images/wizard.png,(-rw-r--r--),.png
http://substack.net/images/why-browserling.png,(-rw-r--r--),.png
http://substack.net/images/whale.svg,(-rw-r--r--),.svg
http://substack.net/images/whale.png,(-rw-r--r--),.png
http://substack.net/images/websockets.svg,(-rw-r--r--),.svg
http://substack.net/images/websockets.png,(-rw-r--r--),.png
http://substack.net/images/virtual_mars.svg,(-rw-r--r--),.svg
http://substack.net/images/virtual_mars.png,(-rw-r--r--),.png
http://substack.net/images/vaporwave.jpg,(-rw-r--r--),.jpg
http://substack.net/images/upboat.svg,(-rw-r--r--),.svg
http://substack.net/images/upboat.png,(-rw-r--r--),.png
http://substack.net/images/unix_philosophy.svg,(-rw-r--r--),.svg
http://substack.net/images/unix_philosophy.png,(-rw-r--r--),.png
http://substack.net/images/universe-of-discord.svg,(-rw-r--r--),.svg
http://substack.net/images/universe-of-discord.png,(-rw-r--r--),.png
http://substack.net/images/twitter.png,(-rw-r--r--),.png
http://substack.net/images/trumpet.svg,(-rw-r--r--),.svg
http://substack.net/images/trumpet.png,(-rw-r--r--),.png
http://substack.net/images/triceratops.svg,(-rw-r--r--),.svg
http://substack.net/images/triceratops.png,(-rw-r--r--),.png
http://substack.net/images/tree.svg,(-rw-r--r--),.svg
http://substack.net/images/tree-traversal.svg,(-rw-r--r--),.svg
http://substack.net/images/tree-traversal.png,(-rw-r--r--),.png
http://substack.net/images/trampoline.png,(-rw-r--r--),.png
http://substack.net/images/tracer_bullet.svg,(-rw-r--r--),.svg
http://substack.net/images/tracer_bullet.png,(-rw-r--r--),.png
http://substack.net/images/through.svg,(-rw-r--r--),.svg
http://substack.net/images/through.png,(-rw-r--r--),.png
http://substack.net/images/thomas-turtle.svg,(-rw-r--r--),.svg
http://substack.net/images/thomas-turtle.png,(-rw-r--r--),.png
http://substack.net/images/thinkpad.svg,(-rw-r--r--),.svg
http://substack.net/images/thinkpad.png,(-rw-r--r--),.png
http://substack.net/images/the-robot-vote.svg,(-rw-r--r--),.svg
http://substack.net/images/the-robot-vote.png,(-rw-r--r--),.png
http://substack.net/images/testling_sticker.svg,(-rw-r--r--),.svg
http://substack.net/images/testling_sticker.png,(-rw-r--r--),.png
http://substack.net/images/testling_mission_control.png,(-rw-r--r--),.png
http://substack.net/images/testling_icon.png,(-rw-r--r--),.png
http://substack.net/images/testling_donate_5.png,(-rw-r--r--),.png
http://substack.net/images/testling_donate_20.png,(-rw-r--r--),.png
http://substack.net/images/testling_donate_10.png,(-rw-r--r--),.png
http://substack.net/images/testling_donate.svg,(-rw-r--r--),.svg
http://substack.net/images/testling_big.png,(-rw-r--r--),.png
http://substack.net/images/testling_badge_dnode.png,(-rw-r--r--),.png
http://substack.net/images/testling_badge.svg,(-rw-r--r--),.svg
http://substack.net/images/testling_badge.png,(-rw-r--r--),.png
http://substack.net/images/testling.svg,(-rw-r--r--),.svg
http://substack.net/images/testling.png,(-rw-r--r--),.png
http://substack.net/images/tape_drive.svg,(-rw-r--r--),.svg
http://substack.net/images/tape_drive.png,(-rw-r--r--),.png
http://substack.net/images/tacodb_tacostack5.png,(-rw-r--r--),.png
http://substack.net/images/tacodb_tacostack.png,(-rw-r--r--),.png
http://substack.net/images/tacodb_platestack5.png,(-rw-r--r--),.png
http://substack.net/images/tacodb_platestack.png,(-rw-r--r--),.png
http://substack.net/images/tacodb_platedb.png,(-rw-r--r--),.png
http://substack.net/images/tacodb_logo.png,(-rw-r--r--),.png
http://substack.net/images/tacodb.svg,(-rw-r--r--),.svg
http://substack.net/images/tacodb.png,(-rw-r--r--),.png
http://substack.net/images/taco_conf_front.svg,(-rw-r--r--),.svg
http://substack.net/images/taco_conf_date.png,(-rw-r--r--),.png
http://substack.net/images/taco_conf_back.svg,(-rw-r--r--),.svg
http://substack.net/images/taco_conf.png,(-rw-r--r--),.png
http://substack.net/images/taco.svg,(-rw-r--r--),.svg
http://substack.net/images/taco.png,(-rw-r--r--),.png
http://substack.net/images/t-rex.svg,(-rw-r--r--),.svg
http://substack.net/images/t-rex.png,(-rw-r--r--),.png
http://substack.net/images/swoop.svg,(-rw-r--r--),.svg
http://substack.net/images/swoop.png,(-rw-r--r--),.png
http://substack.net/images/substackistan.png,(-rw-r--r--),.png
http://substack.net/images/substack_pixel.svg,(-rw-r--r--),.svg
http://substack.net/images/substack_monochrome.png,(-rw-r--r--),.png
http://substack.net/images/substack_monochrome.jpg,(-rw-r--r--),.jpg
http://substack.net/images/substack_header_letters.png,(-rw-r--r--),.png
http://substack.net/images/substack_header.svg,(-rw-r--r--),.svg
http://substack.net/images/substack_compute.jpg,(-rw-r--r--),.jpg
http://substack.net/images/substack_compute.an8,(-rw-r--r--),.an8
http://substack.net/images/substack_angry.png,(-rw-r--r--),.png
http://substack.net/images/substack_240.png,(-rw-r--r--),.png
http://substack.net/images/substack.svg,(-rw-r--r--),.svg
http://substack.net/images/substack.png,(-rw-r--r--),.png
http://substack.net/images/substack.gif,(-rw-r--r--),.gif
http://substack.net/images/soundcloud.png,(-rw-r--r--),.png
http://substack.net/images/sound_of_a_voice.svg,(-rw-r--r--),.svg
http://substack.net/images/sound_of_a_voice.png,(-rw-r--r--),.png
http://substack.net/images/sky_cake.svg,(-rw-r--r--),.svg
http://substack.net/images/sky_cake.png,(-rw-r--r--),.png
http://substack.net/images/singsong.png,(-rw-r--r--),.png
http://substack.net/images/sillyscope_spectrogram.png,(-rw-r--r--),.png
http://substack.net/images/shoe.svg,(-rw-r--r--),.svg
http://substack.net/images/shoe.png,(-rw-r--r--),.png
http://substack.net/images/shader_emulation_taurus.png,(-rw-r--r--),.png
http://substack.net/images/sesame.svg,(-rw-r--r--),.svg
http://substack.net/images/sesame.png,(-rw-r--r--),.png
http://substack.net/images/separation_of_concerns.svg,(-rw-r--r--),.svg
http://substack.net/images/separation_of_concerns.png,(-rw-r--r--),.png
http://substack.net/images/self_big.jpg,(-rw-r--r--),.jpg
http://substack.net/images/self.svg,(-rw-r--r--),.svg
http://substack.net/images/self.png,(-rw-r--r--),.png
http://substack.net/images/self.jpg,(-rw-r--r--),.jpg
http://substack.net/images/secure_peer_logo.svg,(-rw-r--r--),.svg
http://substack.net/images/secure_peer_logo.png,(-rw-r--r--),.png
http://substack.net/images/seaport_logo.svg,(-rw-r--r--),.svg
http://substack.net/images/seaport_logo.png,(-rw-r--r--),.png
http://substack.net/images/seaport.svg,(-rw-r--r--),.svg
http://substack.net/images/seaport.png,(-rw-r--r--),.png
http://substack.net/images/scuttlebutt.svg,(-rw-r--r--),.svg
http://substack.net/images/scuttlebutt.png,(-rw-r--r--),.png
http://substack.net/images/school_of_fish.svg,(-rw-r--r--),.svg
http://substack.net/images/school_of_fish.png,(-rw-r--r--),.png
http://substack.net/images/saucer_pending.svg,(-rw-r--r--),.svg
http://substack.net/images/saucer_pending.gif,(-rw-r--r--),.gif
http://substack.net/images/saucer_landing.png,(-rw-r--r--),.png
http://substack.net/images/safe_harbor_claus.svg,(-rw-r--r--),.svg
http://substack.net/images/safe_harbor_claus.png,(-rw-r--r--),.png
http://substack.net/images/rov.svg,(-rw-r--r--),.svg
http://substack.net/images/rov.png,(-rw-r--r--),.png
http://substack.net/images/ross_mural.png,(-rw-r--r--),.png
http://substack.net/images/robot_telescope.svg,(-rw-r--r--),.svg
http://substack.net/images/robot_telescope.png,(-rw-r--r--),.png
http://substack.net/images/robot_recycling.jpg,(-rw-r--r--),.jpg
http://substack.net/images/robot.svg,(-rw-r--r--),.svg
http://substack.net/images/robot.png,(-rw-r--r--),.png
http://substack.net/images/robokit.svg,(-rw-r--r--),.svg
http://substack.net/images/robokit.png,(-rw-r--r--),.png
http://substack.net/images/right.png,(-rw-r--r--),.png
http://substack.net/images/readable.svg,(-rw-r--r--),.svg
http://substack.net/images/readable.png,(-rw-r--r--),.png
http://substack.net/images/raptor.svg,(-rw-r--r--),.svg
http://substack.net/images/raptor.png,(-rw-r--r--),.png
http://substack.net/images/queue.png,(-rw-r--r--),.png
http://substack.net/images/quacks_like_a_duck.svg,(-rw-r--r--),.svg
http://substack.net/images/quacks_like_a_duck.png,(-rw-r--r--),.png
http://substack.net/images/pushover_logo.png,(-rw-r--r--),.png
http://substack.net/images/pushover.svg,(-rw-r--r--),.svg
http://substack.net/images/pushover.png,(-rw-r--r--),.png
http://substack.net/images/printable_pixels.svg,(-rw-r--r--),.svg
http://substack.net/images/printable.svg,(-rw-r--r--),.svg
http://substack.net/images/pony.svg,(-rw-r--r--),.svg
http://substack.net/images/pony.png,(-rw-r--r--),.png
http://substack.net/images/polar_bear.svg,(-rw-r--r--),.svg
http://substack.net/images/polar_bear.png,(-rw-r--r--),.png
http://substack.net/images/ploy.svg,(-rw-r--r--),.svg
http://substack.net/images/ploy.png,(-rw-r--r--),.png
http://substack.net/images/pending_badge.png,(-rw-r--r--),.png
http://substack.net/images/pause_stream.svg,(-rw-r--r--),.svg
http://substack.net/images/pause_stream.png,(-rw-r--r--),.png
http://substack.net/images/pascal.svg,(-rw-r--r--),.svg
http://substack.net/images/pascal.png,(-rw-r--r--),.png
http://substack.net/images/outline.png,(-rw-r--r--),.png
http://substack.net/images/oscilloscope.svg,(-rw-r--r--),.svg
http://substack.net/images/oscilloscope.png,(-rw-r--r--),.png
http://substack.net/images/optimistic.svg,(-rw-r--r--),.svg
http://substack.net/images/optimistic.png,(-rw-r--r--),.png
http://substack.net/images/optimist_logo.svg,(-rw-r--r--),.svg
http://substack.net/images/optimist_logo.png,(-rw-r--r--),.png
http://substack.net/images/only-a-dream.svg,(-rw-r--r--),.svg
http://substack.net/images/only-a-dream.png,(-rw-r--r--),.png
http://substack.net/images/ogdenius_maximus.svg,(-rw-r--r--),.svg
http://substack.net/images/ogdenius_maximus.png,(-rw-r--r--),.png
http://substack.net/images/octopus.an8,(-rw-r--r--),.an8
http://substack.net/images/oakland.svg,(-rw-r--r--),.svg
http://substack.net/images/oakland.png,(-rw-r--r--),.png
http://substack.net/images/oakjs.svg,(-rw-r--r--),.svg
http://substack.net/images/oakjs.png,(-rw-r--r--),.png
http://substack.net/images/oak_coffee.svg,(-rw-r--r--),.svg
http://substack.net/images/oak_coffee.png,(-rw-r--r--),.png
http://substack.net/images/npmtop.svg,(-rw-r--r--),.svg
http://substack.net/images/npmtop.png,(-rw-r--r--),.png
http://substack.net/images/npm.png,(-rw-r--r--),.png
http://substack.net/images/node_turtle_solid.svg,(-rw-r--r--),.svg
http://substack.net/images/node_turtle_solid.png,(-rw-r--r--),.png
http://substack.net/images/node_turtle_plume.svg,(-rw-r--r--),.svg
http://substack.net/images/node_turtle_plume.png,(-rw-r--r--),.png
http://substack.net/images/node_turtle.svg,(-rw-r--r--),.svg
http://substack.net/images/node_turtle.png,(-rw-r--r--),.png
http://substack.net/images/no_earthquakes.png,(-rw-r--r--),.png
http://substack.net/images/nesting-robots.svg,(-rw-r--r--),.svg
http://substack.net/images/nesting-robots.png,(-rw-r--r--),.png
http://substack.net/images/mux_demux.svg,(-rw-r--r--),.svg
http://substack.net/images/mux_demux.png,(-rw-r--r--),.png
http://substack.net/images/music.svg,(-rw-r--r--),.svg
http://substack.net/images/music.png,(-rw-r--r--),.png
http://substack.net/images/mushroom_cloud.svg,(-rw-r--r--),.svg
http://substack.net/images/mushroom_cloud.png,(-rw-r--r--),.png
http://substack.net/images/multimeter.svg,(-rw-r--r--),.svg
http://substack.net/images/multimeter.png,(-rw-r--r--),.png
http://substack.net/images/mrcolor.svg,(-rw-r--r--),.svg
http://substack.net/images/mrcolor.png,(-rw-r--r--),.png
http://substack.net/images/mountie_equation.png,(-rw-r--r--),.png
http://substack.net/images/mountie.svg,(-rw-r--r--),.svg
http://substack.net/images/mountie.png,(-rw-r--r--),.png
http://substack.net/images/monster_0.svg,(-rw-r--r--),.svg
http://substack.net/images/modularity.png,(-rw-r--r--),.png
http://substack.net/images/mind_explosion_silly.png,(-rw-r--r--),.png
http://substack.net/images/mind_explosion.svg,(-rw-r--r--),.svg
http://substack.net/images/mind_explosion.png,(-rw-r--r--),.png
http://substack.net/images/microwave.png,(-rw-r--r--),.png
http://substack.net/images/method-chain.svg,(-rw-r--r--),.svg
http://substack.net/images/method-chain.png,(-rw-r--r--),.png
http://substack.net/images/message-passing.svg,(-rw-r--r--),.svg
http://substack.net/images/message-passing.png,(-rw-r--r--),.png
http://substack.net/images/mechanical_bull.svg,(-rw-r--r--),.svg
http://substack.net/images/mechanical_bull.png,(-rw-r--r--),.png
http://substack.net/images/mcilroy.svg,(-rw-r--r--),.svg
http://substack.net/images/mcilroy.png,(-rw-r--r--),.png
http://substack.net/images/maxwell-equations.jpg,(-rw-r--r--),.jpg
http://substack.net/images/max_fish.png,(-rw-r--r--),.png
http://substack.net/images/max.svg,(-rw-r--r--),.svg
http://substack.net/images/max.png,(-rw-r--r--),.png
http://substack.net/images/max.gif,(-rw-r--r--),.gif
http://substack.net/images/marley.svg,(-rw-r--r--),.svg
http://substack.net/images/marley.png,(-rw-r--r--),.png
http://substack.net/images/malicious-user.svg,(-rw-r--r--),.svg
http://substack.net/images/malicious-user.png,(-rw-r--r--),.png
http://substack.net/images/malicious-attack.svg,(-rw-r--r--),.svg
http://substack.net/images/malicious-attack.png,(-rw-r--r--),.png
http://substack.net/images/mad_science_%E7%96%AF%E7%8B%82%E7%A7%91%E5%AD%A6.svg,(-rw-r--r--),.svg
http://substack.net/images/mad_science_%E7%96%AF%E7%8B%82%E7%A7%91%E5%AD%A6.png,(-rw-r--r--),.png
http://substack.net/images/mad_science.svg,(-rw-r--r--),.svg
http://substack.net/images/mad_science.png,(-rw-r--r--),.png
http://substack.net/images/leveldb.svg,(-rw-r--r--),.svg
http://substack.net/images/leveldb.png,(-rw-r--r--),.png
http://substack.net/images/level_party.svg,(-rw-r--r--),.svg
http://substack.net/images/level_party.png,(-rw-r--r--),.png
http://substack.net/images/lettuce.svg,(-rw-r--r--),.svg
http://substack.net/images/lettuce.png,(-rw-r--r--),.png
http://substack.net/images/left.png,(-rw-r--r--),.png
http://substack.net/images/lebron.svg,(-rw-r--r--),.svg
http://substack.net/images/lebron.png,(-rw-r--r--),.png
http://substack.net/images/lazorse.svg,(-rw-r--r--),.svg
http://substack.net/images/lazorse.png,(-rw-r--r--),.png
http://substack.net/images/lanyrd.png,(-rw-r--r--),.png
http://substack.net/images/lambdaphant.svg,(-rw-r--r--),.svg
http://substack.net/images/lambdaphant.png,(-rw-r--r--),.png
http://substack.net/images/kernighan.svg,(-rw-r--r--),.svg
http://substack.net/images/kernighan.png,(-rw-r--r--),.png
http://substack.net/images/keeping_it_surrealtime.svg,(-rw-r--r--),.svg
http://substack.net/images/keeping_it_surrealtime.png,(-rw-r--r--),.png
http://substack.net/images/jumping.png,(-rw-r--r--),.png
http://substack.net/images/isaacs.svg,(-rw-r--r--),.svg
http://substack.net/images/isaacs.png,(-rw-r--r--),.png
http://substack.net/images/iphone_safari.png,(-rw-r--r--),.png
http://substack.net/images/iphone.png,(-rw-r--r--),.png
http://substack.net/images/ipad_safari.png,(-rw-r--r--),.png
http://substack.net/images/ipad.png,(-rw-r--r--),.png
http://substack.net/images/ios_safari.png,(-rw-r--r--),.png
http://substack.net/images/interplanetary-brotherhood-of-robots.svg,(-rw-r--r--),.svg
http://substack.net/images/interplanetary-brotherhood-of-robots.png,(-rw-r--r--),.png
http://substack.net/images/internal-error.svg,(-rw-r--r--),.svg
http://substack.net/images/internal-error.png,(-rw-r--r--),.png
http://substack.net/images/ieee.png,(-rw-r--r--),.png
http://substack.net/images/icebreaker.svg,(-rw-r--r--),.svg
http://substack.net/images/icebreaker.png,(-rw-r--r--),.png
http://substack.net/images/hyperspace.svg,(-rw-r--r--),.svg
http://substack.net/images/hyperspace.png,(-rw-r--r--),.png
http://substack.net/images/hunger_games_oakland.svg,(-rw-r--r--),.svg
http://substack.net/images/hunger_games_oakland.png,(-rw-r--r--),.png
http://substack.net/images/html5.svg,(-rw-r--r--),.svg
http://substack.net/images/html5.png,(-rw-r--r--),.png
http://substack.net/images/ht_in_et_draft2.png,(-rw-r--r--),.png
http://substack.net/images/ht_in_et_draft1.png,(-rw-r--r--),.png
http://substack.net/images/ht_in_et_draft0.png,(-rw-r--r--),.png
http://substack.net/images/ht_in_et.svg,(-rw-r--r--),.svg
http://substack.net/images/ht_in_et.png,(-rw-r--r--),.png
http://substack.net/images/hookio.svg,(-rw-r--r--),.svg
http://substack.net/images/hookio.png,(-rw-r--r--),.png
http://substack.net/images/hjkl.svg,(-rw-r--r--),.svg
http://substack.net/images/hjkl.png,(-rw-r--r--),.png
http://substack.net/images/heatwave.png,(-rw-r--r--),.png
http://substack.net/images/heatmap.png,(-rw-r--r--),.png
http://substack.net/images/hat.svg,(-rw-r--r--),.svg
http://substack.net/images/hat.png,(-rw-r--r--),.png
http://substack.net/images/harnessing_streams.svg,(-rw-r--r--),.svg
http://substack.net/images/harnessing_streams.png,(-rw-r--r--),.png
http://substack.net/images/halliday.svg,(-rw-r--r--),.svg
http://substack.net/images/halliday.png,(-rw-r--r--),.png
http://substack.net/images/gossip_protocol.svg,(-rw-r--r--),.svg
http://substack.net/images/gossip_protocol.png,(-rw-r--r--),.png
http://substack.net/images/gittip.png,(-rw-r--r--),.png
http://substack.net/images/gitorious.png,(-rw-r--r--),.png
http://substack.net/images/github_request.png,(-rw-r--r--),.png
http://substack.net/images/github.png,(-rw-r--r--),.png
http://substack.net/images/funny-papers.svg,(-rw-r--r--),.svg
http://substack.net/images/funny-papers.png,(-rw-r--r--),.png
http://substack.net/images/freestyle_streams.svg,(-rw-r--r--),.svg
http://substack.net/images/freestyle_streams.png,(-rw-r--r--),.png
http://substack.net/images/fleet.svg,(-rw-r--r--),.svg
http://substack.net/images/fleet.png,(-rw-r--r--),.png
http://substack.net/images/felidae.svg,(-rw-r--r--),.svg
http://substack.net/images/felidae.png,(-rw-r--r--),.png
http://substack.net/images/feed.png,(-rw-r--r--),.png
http://substack.net/images/favicon.svg,(-rw-r--r--),.svg
http://substack.net/images/favicon.png,(-rw-r--r--),.png
http://substack.net/images/falafel_logo.svg,(-rw-r--r--),.svg
http://substack.net/images/falafel_logo.png,(-rw-r--r--),.png
http://substack.net/images/falafel.svg,(-rw-r--r--),.svg
http://substack.net/images/falafel.png,(-rw-r--r--),.png
http://substack.net/images/facebook.png,(-rw-r--r--),.png
http://substack.net/images/exterminate.svg,(-rw-r--r--),.svg
http://substack.net/images/exterminate.png,(-rw-r--r--),.png
http://substack.net/images/ent.svg,(-rw-r--r--),.svg
http://substack.net/images/ent.png,(-rw-r--r--),.png
http://substack.net/images/emit_stream_1.png,(-rw-r--r--),.png
http://substack.net/images/emit_stream_0.png,(-rw-r--r--),.png
http://substack.net/images/emit_stream.svg,(-rw-r--r--),.svg
http://substack.net/images/emit_stream.gif,(-rw-r--r--),.gif
http://substack.net/images/duplexer.svg,(-rw-r--r--),.svg
http://substack.net/images/duplexer.png,(-rw-r--r--),.png
http://substack.net/images/duplex_streams.svg,(-rw-r--r--),.svg
http://substack.net/images/duplex_streams.png,(-rw-r--r--),.png
http://substack.net/images/duplex_shirt.svg,(-rw-r--r--),.svg
http://substack.net/images/duplex_shirt.png,(-rw-r--r--),.png
http://substack.net/images/duck.svg,(-rw-r--r--),.svg
http://substack.net/images/duck.png,(-rw-r--r--),.png
http://substack.net/images/dtrace_pony.svg,(-rw-r--r--),.svg
http://substack.net/images/dtrace_pony.png,(-rw-r--r--),.png
http://substack.net/images/dtrace_pony.eps,(-rw-r--r--),.eps
http://substack.net/images/dreamhosted.svg,(-rw-r--r--),.svg
http://substack.net/images/dreamhosted.png,(-rw-r--r--),.png
http://substack.net/images/draw_oakland.svg,(-rw-r--r--),.svg
http://substack.net/images/draw_oakland.png,(-rw-r--r--),.png
http://substack.net/images/document.png,(-rw-r--r--),.png
http://substack.net/images/dnode_logo.svg,(-rw-r--r--),.svg
http://substack.net/images/dnode_logo.png,(-rw-r--r--),.png
http://substack.net/images/dnode_freestyle.png,(-rw-r--r--),.png
http://substack.net/images/dnode.svg,(-rw-r--r--),.svg
http://substack.net/images/dnode.png,(-rw-r--r--),.png
http://substack.net/images/dismantle_all_the_standards_bodies.svg,(-rw-r--r--),.svg
http://substack.net/images/dismantle_all_the_standards_bodies.png,(-rw-r--r--),.png
http://substack.net/images/dijkstra-folk-wisdom.svg,(-rw-r--r--),.svg
http://substack.net/images/dijkstra-folk-wisdom.png,(-rw-r--r--),.png
http://substack.net/images/created_by_browserling_banner.svg,(-rw-r--r--),.svg
http://substack.net/images/created_by_browserling_banner.png,(-rw-r--r--),.png
http://substack.net/images/crane.svg,(-rw-r--r--),.svg
http://substack.net/images/crane.png,(-rw-r--r--),.png
http://substack.net/images/couchdb.svg,(-rw-r--r--),.svg
http://substack.net/images/couchdb.png,(-rw-r--r--),.png
http://substack.net/images/coronation.svg,(-rw-r--r--),.svg
http://substack.net/images/coronation.png,(-rw-r--r--),.png
http://substack.net/images/copter.svg,(-rw-r--r--),.svg
http://substack.net/images/copter.png,(-rw-r--r--),.png
http://substack.net/images/compute.png,(-rw-r--r--),.png
http://substack.net/images/code_coverage.svg,(-rw-r--r--),.svg
http://substack.net/images/code_coverage.png,(-rw-r--r--),.png
http://substack.net/images/clown.svg,(-rw-r--r--),.svg
http://substack.net/images/clown.png,(-rw-r--r--),.png
http://substack.net/images/clocker.svg,(-rw-r--r--),.svg
http://substack.net/images/clocker.png,(-rw-r--r--),.png
http://substack.net/images/cipherhub.svg,(-rw-r--r--),.svg
http://substack.net/images/cipherhub.png,(-rw-r--r--),.png
http://substack.net/images/charms.svg,(-rw-r--r--),.svg
http://substack.net/images/charms.png,(-rw-r--r--),.png
http://substack.net/images/chainsaw.svg,(-rw-r--r--),.svg
http://substack.net/images/chainsaw.png,(-rw-r--r--),.png
http://substack.net/images/cat-on-keys.png,(-rw-r--r--),.png
http://substack.net/images/cassette_robot.jpg,(-rw-r--r--),.jpg
http://substack.net/images/cassette_bot.an8,(-rw-r--r--),.an8
http://substack.net/images/cash_register.svg,(-rw-r--r--),.svg
http://substack.net/images/cash_register.png,(-rw-r--r--),.png
http://substack.net/images/cannon.svg,(-rw-r--r--),.svg
http://substack.net/images/cannon.png,(-rw-r--r--),.png
http://substack.net/images/california_roll.svg,(-rw-r--r--),.svg
http://substack.net/images/california_roll.png,(-rw-r--r--),.png
http://substack.net/images/burrito.svg,(-rw-r--r--),.svg
http://substack.net/images/burrito.png,(-rw-r--r--),.png
http://substack.net/images/bug.png,(-rw-r--r--),.png
http://substack.net/images/browsers.svg,(-rw-r--r--),.svg
http://substack.net/images/browserling_map.png,(-rw-r--r--),.png
http://substack.net/images/browserling_icon.png,(-rw-r--r--),.png
http://substack.net/images/browserling-tshirt.svg,(-rw-r--r--),.svg
http://substack.net/images/browserling-tshirt.png,(-rw-r--r--),.png
http://substack.net/images/browserify_logo.svg,(-rw-r--r--),.svg
http://substack.net/images/browserify_logo.png,(-rw-r--r--),.png
http://substack.net/images/browserify.svg,(-rw-r--r--),.svg
http://substack.net/images/browserify.png,(-rw-r--r--),.png
http://substack.net/images/brain.svg,(-rw-r--r--),.svg
http://substack.net/images/brain.png,(-rw-r--r--),.png
http://substack.net/images/bouncy.svg,(-rw-r--r--),.svg
http://substack.net/images/bouncy.png,(-rw-r--r--),.png
http://substack.net/images/binary-stream.svg,(-rw-r--r--),.svg
http://substack.net/images/binary-stream.png,(-rw-r--r--),.png
http://substack.net/images/ben.svg,(-rw-r--r--),.svg
http://substack.net/images/ben.png,(-rw-r--r--),.png
http://substack.net/images/bed.svg,(-rw-r--r--),.svg
http://substack.net/images/bed.png,(-rw-r--r--),.png
http://substack.net/images/bb.png,(-rw-r--r--),.png
http://substack.net/images/baudio_logo.svg,(-rw-r--r--),.svg
http://substack.net/images/baudio_logo.png,(-rw-r--r--),.png
http://substack.net/images/badge.png,(-rw-r--r--),.png
http://substack.net/images/arrows.svg,(-rw-r--r--),.svg
http://substack.net/images/apatosaur.svg,(-rw-r--r--),.svg
http://substack.net/images/apatosaur.png,(-rw-r--r--),.png
http://substack.net/images/anyone-can-hack.jpg,(-rw-r--r--),.jpg
http://substack.net/images/android_chrome.png,(-rw-r--r--),.png
http://substack.net/images/all_the_way_down.svg,(-rw-r--r--),.svg
http://substack.net/images/all_the_way_down.png,(-rw-r--r--),.png
http://substack.net/images/all_the_concerns.png,(-rw-r--r--),.png
http://substack.net/images/airport.svg,(-rw-r--r--),.svg
http://substack.net/images/airport.png,(-rw-r--r--),.png
http://substack.net/images/agu.svg,(-rw-r--r--),.svg
http://substack.net/images/a_pipe_b_pipe_a.svg,(-rw-r--r--),.svg
http://substack.net/images/a_pipe_b_pipe_a.png,(-rw-r--r--),.png
http://substack.net/images/a_browser_in_your_browser.png,(-rw-r--r--),.png
http://substack.net/images/1up_upvote.png,(-rw-r--r--),.png
http://substack.net/images/1up.svg,(-rw-r--r--),.svg
http://substack.net/images/1up.png,(-rw-r--r--),.png